1,株式会社じげん,http://best100.v-tsushin.jp/2015/03/post_165.php,img/logo/zigen-top-logo.jpg
2,株式会社Cloud Payment,http://best100.v-tsushin.jp/2015/12/cloud_payment.php,img/logo/cloudpayment-top-logo.jpg
3,株式会社リッチメディア,http://best100.v-tsushin.jp/2012/06/rich.php,img/logo/rich_logo02-top.jpg
4,株式会社アワーズ,http://best100.v-tsushin.jp/2014/12/post_152.php,img/logo/awards-logo-top.jpg
5,株式会社セキュア,http://best100.v-tsushin.jp/2015/12/post_181.php,img/logo/secure-top-logo.jpg
6,株式会社グッドフェローズ,http://best100.v-tsushin.jp/2013/12/post_135.php,img/logo/goodfellows-logo-top.jpg
7,株式会社ちゃりカンパニー,http://best100.v-tsushin.jp/2015/12/post_185.php,img/logo/charicompany-top-logo.jpg
8,株式会社ハッピースマイル,http://best100.v-tsushin.jp/2016/02/post_190.php,img/logo/happysmile-logo.jpg
9,株式会社オロ,http://best100.v-tsushin.jp/2008/06/post_67.php,img/logo/oro_logo.jpg
10,株式会社サーキュレーション,http://best100.v-tsushin.jp/2014/12/post_157.php,img/logo/circulation-logo-top.jpg
11,株式会社ファイブニーズ,http://best100.v-tsushin.jp/2013/12/post_131.php,img/logo/fiveneeds-logo-top.jpg
12,株式会社INE,http://best100.v-tsushin.jp/2015/12/ine.php,img/logo/ine-top-logo.jpg
13,メディアリンク株式会社,http://best100.v-tsushin.jp/2011/05/medialink-ml.php,img/logo/medialink-logo_2014-top.jpg
14,株式会社ITプロパートナーズ,http://best100.v-tsushin.jp/2015/12/it.php,img/logo/itpro-top-logo.jpg
15,プロパティーエージェント株式会社,http://best100.v-tsushin.jp/2012/06/propertyagent.php,img/logo/propertyagent_logo.jpg
16,株式会社ハートビーツ,http://best100.v-tsushin.jp/2009/08/heartbeats.php,img/logo/heartbeats_logo.jpg
17, 株式会社プラスアルファ・コンサルティング,http://best100.v-tsushin.jp/2014/12/post_147.php,img/logo/pac-logo-top.jpg
18,株式会社エンライズコーポレーション,http://best100.v-tsushin.jp/2015/01/post_162.php,img/logo/enrise-logo-top.jpg
19,シアトルコンサルティング株式会社,http://best100.v-tsushin.jp/2009/05/post_94.php,img/logo/seattle_logo.jpg
20,株式会社ビジネストータルマネージメント,http://best100.v-tsushin.jp/2014/09/post_146.php,img/logo/btm-logo.jpg
21,株式会社ブレイバンステクノロジーズ,http://best100.v-tsushin.jp/2010/08/bravance.php,img/logo/bravance_logo.jpg
22,株式会社フォースリー,http://best100.v-tsushin.jp/2015/12/post_183.php,img/logo/43-top-logo.jpg
23,株式会社HAPPY PRICE,http://best100.v-tsushin.jp/2013/12/happy_price.php,img/logo/happyprice-logo02-top.jpg
24,株式会社あしたのチーム,http://best100.v-tsushin.jp/2014/12/post_156.php,img/logo/ashita-logo-top.jpg
25,株式会社シー・コネクト,http://best100.v-tsushin.jp/2013/12/post_136.php,img/logo/cconnect-logo-top.jpg
26,株式会社ビジョン,http://best100.v-tsushin.jp/2008/05/post_3.php,img/logo/vision-logo-top02.jpg
27,株式会社プレシャスパートナーズ,http://best100.v-tsushin.jp/2014/12/post_154.php,img/logo/precious-logo-top.jpg
28,株式会社Fan's,http://best100.v-tsushin.jp/2014/12/post_155.php,img/logo/PLS-logo-top.jpg
29,株式会社シンクスクエア,http://best100.v-tsushin.jp/2015/12/post_177.php,img/logo/sync-top-logo.jpg
30,株式会社ENG,http://best100.v-tsushin.jp/2013/12/eng.php,img/logo/eng-logo-top.jpg
31,株式会社GNE,http://best100.v-tsushin.jp/2015/12/gne.php,img/logo/gne-top-logo.jpg
32,レバレジーズ株式会社,http://best100.v-tsushin.jp/2009/05/post_96.php,img/logo/leverages-logo-top02.jpg
33,株式会社サイバーエージェント,http://best100.v-tsushin.jp/2012/05/cyberagent.php,img/logo/cyber-agent_logo_small.jpg
34,株式会社テクノモバイル,http://best100.v-tsushin.jp/2012/06/tcmobile.php,img/logo/technomobile_logo.jpg
35,株式会社ＭＡＰ経営,http://best100.v-tsushin.jp/2015/03/post_166.php,img/logo/map-top-new-logo.jpg
36,武蔵コーポレーション株式会社,http://best100.v-tsushin.jp/2015/12/post_176.php,img/logo/musashi-top-logo.jpg
37,gCストーリー株式会社,http://best100.v-tsushin.jp/2008/05/post_30.php,img/logo/gcstory-logo02-top.jpg
38,株式会社ビーボ,http://best100.v-tsushin.jp/2016/01/post_189.php,img/logo/bbo-top-logo.jpg
39,株式会社ヴェリタス・インベストメント,http://best100.v-tsushin.jp/2014/12/post_153.php,img/logo/veritas-logo-top.jpg
40,株式会社グッドワークス,http://best100.v-tsushin.jp/2013/05/post_119.php,img/logo/goodworks-logo-top.jpg
41,株式会社ビープラウド,http://best100.v-tsushin.jp/2014/12/post_149.php,img/logo/beproud-logo-topA.jpg
42,株式会社カスタマーリレーションテレマーケティング,http://best100.v-tsushin.jp/2013/12/post_126.php,img/logo/crtm-logo-top.jpg
43,株式会社エージェントゲート,http://best100.v-tsushin.jp/2012/05/agentgate.php,img/logo/agentgate-logo02_2014-top.jpg
44,w2ソリューション株式会社,http://best100.v-tsushin.jp/2008/05/post_10.php,img/logo/w2_logo-top.jpg
45,ビジョナグループ,http://best100.v-tsushin.jp/2010/05/hanyuu.php,img/logo/visionary-logo03-top.jpg
46,株式会社イデアル,http://best100.v-tsushin.jp/2011/05/ideal.php,img/logo/ideal_logo.jpg
47,株式会社 make act,http://best100.v-tsushin.jp/2014/12/_makea.php,img/logo/makeact-logo-top.jpg
48,株式会社パワーソリューションズ,http://best100.v-tsushin.jp/2013/12/post_129.php,img/logo/powersolutions-logo-top.jpg
49,ism株式会社,http://best100.v-tsushin.jp/2010/06/algorithm-japan.php,img/logo/ism_logo_a.jpg
50,株式会社 和久環組,http://best100.v-tsushin.jp/2014/12/post_148.php,img/logo/rinobe-logo-top.jpg
51,株式会社ベアーズ,http://best100.v-tsushin.jp/2010/05/happy-bears.php,img/logo/happy-bears_logo.jpg
52,株式会社エコロジー・ネットワーク,http://best100.v-tsushin.jp/2013/12/post_27.php,img/logo/ecologygroup-logo-top.jpg
53,株式会社more communication,http://best100.v-tsushin.jp/2008/10/more_communication.php,img/logo/morecom-logo_2014-top.jpg
54,株式会社アジアンリンク,http://best100.v-tsushin.jp/2014/05/post_145.php,img/logo/asianlink-logo-top.jpg
55,株式会社S.B.C,http://best100.v-tsushin.jp/2015/01/post_161.php,img/logo/sbc-logo-top.jpg
56,株式会社Bestエフォート,http://best100.v-tsushin.jp/2014/12/best.php,img/logo/Beffort-logo-top.jpg
57,株式会社トランス・アーキテクト,http://best100.v-tsushin.jp/2013/12/post_120.php,img/logo/arancearchitect-logo-top.jpg
58,株式会社GENOVA,http://best100.v-tsushin.jp/2011/06/genova.php,img/logo/genova_logo.jpg
59,株式会社Wiz,http://best100.v-tsushin.jp/2013/12/wiz.php,img/logo/wiz-logo-top.jpg
60,株式会社 KAIDO GROUP,http://best100.v-tsushin.jp/2015/12/kaido_group.php,img/logo/BV_kaido-logo_new.jpg
61,レスタンダード株式会社,http://best100.v-tsushin.jp/2012/06/restandard.php,img/logo/restandard-logo_2014-top.jpg
62,株式会社リアライブ,http://best100.v-tsushin.jp/2013/12/post_124.php,img/logo/realive-logo-top.jpg
63,ブラニュー株式会社,http://best100.v-tsushin.jp/2013/12/post_139.php,img/logo/branu-logo02-top.jpg
64,株式会社マーシュ,http://best100.v-tsushin.jp/2015/12/post_184.php,img/logo/marsh-top-logo.jpg
65,株式会社Ad Listing,http://best100.v-tsushin.jp/2015/03/ad_listing.php,img/logo/ad-top-logo.jpg
66,株式会社日本通信サービス,http://best100.v-tsushin.jp/2015/03/post_164.php,img/logo/nt-top-logo-02.jpg
67,株式会社ModernStandard,http://best100.v-tsushin.jp/2015/03/modernstandard.php,img/logo/modan-top-logo.jpg
68,株式会社サウザンドクレイン,http://best100.v-tsushin.jp/2009/05/post_109.php,img/logo/tc_logo.jpg
69,株式会社オークファン,http://best100.v-tsushin.jp/,img/logo/aucfan-top-logo.jpg
70,株式会社エヌリンクス,http://best100.v-tsushin.jp/2012/05/n-links.php,img/logo/nlinks_logo.jpg
71,株式会社トライティア,http://best100.v-tsushin.jp/index.html,img/logo/trytier-top-logo.jpg
72,株式会社ジールホールディングス,http://best100.v-tsushin.jp/2015/12/post_188.php,img/logo/zeal-c-top-logo.jpg
73,システムコミュニケーションズ株式会社,http://best100.v-tsushin.jp/2015/12/post_187.php,img/logo/systemcommunications-top-logo.jpg
74,リーグル株式会社,http://best100.v-tsushin.jp/2015/12/post_174.php,img/logo/leagle-top-logo.jpg
75,株式会社フルアウト,http://best100.v-tsushin.jp/2015/12/post_186.php,img/logo/fullout-top-logo.jpg
76,株式会社パートナーズ,http://best100.v-tsushin.jp/2015/12/post_179.php,img/logo/partners-top-logo.jpg
77,バレットグループ株式会社,http://best100.v-tsushin.jp/2015/12/post_172.php,img/logo/bullet-top-logo.jpg
78,株式会社TRUST,http://best100.v-tsushin.jp/2015/12/post_173.php,img/logo/trust-top-logo.jpg
79,株式会社デザイン,http://best100.v-tsushin.jp/2009/09/design.php,img/logo/design_logo.jpg
80,株式会社サンリフレホールディングス,http://best100.v-tsushin.jp/2009/05/post_95.php,img/logo/ksys_logo.jpg
81,三和システム株式会社,http://best100.v-tsushin.jp/2015/12/post_178.php,img/logo/sanwa-top-logo.jpg
82,株式会社ウィナス,http://best100.v-tsushin.jp/2008/05/post_6.php,img/logo/winas_logo.jpg
83,ヴェルク株式会社,http://best100.v-tsushin.jp/2015/12/post_180.php,img/logo/velc-top-logo.jpg
84,株式会社MEJ,http://best100.v-tsushin.jp/2015/12/mej.php,img/logo/mej-top-logo.jpg
85,株式会社パワーエッジ,http://best100.v-tsushin.jp/2010/06/poweredge.php,img/logo/poweredge-logo_2014-top.jpg
86,株式会社ALL Rise Group,http://best100.v-tsushin.jp/2014/12/all_rise_group.php,img/logo/allrise-logo-top.jpg
87,株式会社Ozsoft,http://best100.v-tsushin.jp/,img/logo/ozsoft-logo-top.jpg
88,株式会社アイドマ・ホールディングス,http://best100.v-tsushin.jp/2010/06/aidma-hd.php,img/logo/aidmaholdings-logo-top_2014.jpg
89,株式会社Human Investment,http://best100.v-tsushin.jp/2015/12/humaninvestment.php,img/logo/humaninvestment-top-logo.jpg
90,株式会社HIROKEN,http://best100.v-tsushin.jp/2015/12/hiroken.php,img/logo/hiroken-top-logo.jpg
91,株式会社グロージェント,http://best100.v-tsushin.jp/2015/12/post_175.php,img/logo/growgent-top-logo.jpg
92,株式会社イマジンプラス,http://best100.v-tsushin.jp/2008/05/post_15.php,img/logo/imagine-plus_logo.jpg
93,株式会社フクダ・アンド・パートナーズ,http://best100.v-tsushin.jp/2015/12/post_182.php,img/logo/fandp-top-logo.jpg
94,株式会社ハロネット,http://best100.v-tsushin.jp/2013/12/post_138.php,img/logo/hallonet-logo-top.jpg
95,株式会社C-mind,http://best100.v-tsushin.jp/2015/12/cmind.php,img/logo/c-mind-top-logo
96,LIFE STYLE株式会社,http://best100.v-tsushin.jp/2015/12/life_style.php,img/logo/lifestyle-top-logo
97,株式会社Macbee Planet,http://best100.v-tsushin.jp/2016/02/macbee_planet.php,img/logo/macbee-p-logo.jpg
98,株式会社サクヤ,http://best100.v-tsushin.jp/2016/02/post_191.php,img/logo/sakya-logo.jpg
99,株式会社リブセンス,http://best100.v-tsushin.jp/2013/12/post_127.php,img/logo/livesense-logo-top.jpg
100,comingsoon,http://best100.v-tsushin.jp/,img/logo/comingsoon.jpg
